doi,publisher,journal,date,state,existingReason,title
10.1021/acscatal.6c02931,acs,ACS Catalysis,2026-07-20,no_visual,,Cellulose-Stabilized BiOBr Enables Light-Mediated Radical-Polar Crossover of Unactivated Alkenes to Achieve Cyclopropanes
10.1021/acscatal.6c03898,acs,ACS Catalysis,2026-07-03,no_visual,,"Radical 1,5-Carbonyl Migration Enabled by Energy-Transfer Catalysis"
10.1021/acscatal.6c02761,acs,ACS Catalysis,2026-07-02,no_visual,,Iron(III) Photoredox-Catalyzed Regiodivergent Nitrone-Styrene [3+2] Cycloaddition
10.1021/acscatal.6c03020,acs,ACS Catalysis,2026-07-02,no_visual,,α-C−H Alkylation of α-Silyl Alcohols: Hydrogen Atom Transfer Catalysis Preserving Labile C−Si Bonds
10.1021/acs.joc.6c01847,acs,JOC,2026-10-01,no_visual,,Visible-Light-Mediated Diastereoselective Hydrophosphorylation of Cyclopropenes
10.1021/acs.orglett.6c03612,acs,Organic Letters,2026-09-20,no_visual,user_observed_no_image,Development of Deuteroalkylthiolating Reagents for Synthesis of Deuterated Sulfides
10.1021/acs.orglett.6c03173,acs,Organic Letters,2026-08-19,no_visual,,Formal Total Synthesis of (±)-Isoalantolactone
10.1021/acs.orglett.6c02820,acs,Organic Letters,2026-07-21,no_visual,,Ring-Retentive SN2′-Type Alkylation of gem-Dichlorocyclobutenones Enabled by Alkene-to-Radical Relay
10.1021/acs.orglett.6c01984,acs,Organic Letters,2026-07-13,no_visual,,"NHC-Catalyzed Asymmetric Photoinduced [4 + 2] Cycloaddition: Access to Chiral Spiro[oxindole-3,4′-pyrano[2,3-c]pyrazoles]"
10.1021/acs.orglett.6c02434,acs,Organic Letters,2026-07-11,no_visual,,Stereoselective C-Aryl and C-Vinyl Glycosylation via Iron-Catalyzed Reductive Coupling
10.1021/acs.orglett.6c02443,acs,Organic Letters,2026-07-10,no_visual,,
10.1021/acs.orglett.6c02649,acs,Organic Letters,2026-07-06,no_visual,,
10.1021/acs.orglett.6c01753,acs,Organic Letters,2026-07-04,no_visual,,
10.1021/acs.orglett.6c02049,acs,Organic Letters,2026-07-03,no_visual,,Total Syntheses of BE-54238A and -B
10.1021/acs.orglett.6c02063,acs,Organic Letters,2026-07-03,no_visual,,Organophosphine-Promoted Decarbynylative Hydrocarbenylation of the Carbon–Carbon Triple Bond
10.1021/acs.orglett.6c02641,acs,Organic Letters,2026-07-03,no_visual,user_observed_no_image,Photoinduced Regioselective Sulfonylation/Cyclization of N-Cinnamylenamides toward Sulfonylated Tetrahydropyridines via Catalytic Electron Donor–Acceptor Complexes
10.1021/acs.orglett.6c02323,acs,Organic Letters,2026-07-02,no_visual,,"Total Synthesis of Voratin C: Formation of the [6,5]-Spiroketal Core through Acid-Mediated Epoxide Cascade Opening"
10.1021/acs.orglett.6c02329,acs,Organic Letters,2026-07-02,no_visual,,Amine-Enabled Electron Donor–Acceptor Complex Catalysis for Cyclopropanation
10.1021/acs.orglett.6c02216,acs,Organic Letters,2026-07-01,no_visual,,
10.1021/acs.orglett.6c02234,acs,Organic Letters,2026-07-01,no_visual,,
10.1021/acs.orglett.6c02319,acs,Organic Letters,2026-07-01,no_visual,user_observed_no_image,Generation of Carbon and Phosphine Stereocenters via Cobaltaphotoredox-Catalyzed Enantioselective C–H Annulation
10.1021/acs.orglett.6c02431,acs,Organic Letters,2026-07-01,no_visual,,Chiral Hydroxamic Ester-Enabled Asymmetric Catellani Reaction for the Synthesis of P-Stereogenic Phosphepine Oxides
10.1021/acs.orglett.6c02459,acs,Organic Letters,2026-07-01,no_visual,,
10.1021/acs.orglett.6c02752,acs,Organic Letters,2026-07-01,no_visual,,
10.31635/ccschem.026.202608392,ccs,CCS Chemistry,2026-10-03,no_visual,,"Enantioselective Synthesis of 1,3-Disubstituted Bicyclo[2.1.1]hexanes via Cascade Allylic Allylation/Intramolecular Crossed [2+2] Photocycloaddition"
10.31635/ccschem.026.202608407,ccs,CCS Chemistry,2026-10-03,no_visual,,Upcycling of Polystyrene via Synergistically Catenary Photocatalysis
10.31635/ccschem.026.202507094,ccs,CCS Chemistry,2026-10-01,fallback_only,live_r2_figure1_fallback,Divergent Functionalization of Unactivated Alkenes Enabled by the Remote C(sp 3 )–H Bond of N -Fluorocarboxamides
10.31635/ccschem.026.202507282,ccs,CCS Chemistry,2026-10-01,fallback_only,live_r2_figure1_fallback,Cooperative Noncovalent Interactions: Regioselective Sequential Oxidative Amination of Unactivated Dienes with Primary Aromatic Amines
10.31635/ccschem.026.202607330,ccs,CCS Chemistry,2026-10-01,no_visual,,Stereodivergent Migratory α-Allylic Alkylation of α-Amino Esters with Isolated Dienes by Synergistic Pd/Carbonyl Catalysis
10.31635/ccschem.026.202607499,ccs,CCS Chemistry,2026-10-01,fallback_only,live_r2_figure1_fallback,Electrocatalytic C(sp 3 )–H/S–H Coupling: Accessing Thioethers via a Stabilized Electrophile
10.31635/ccschem.026.202607611,ccs,CCS Chemistry,2026-10-01,fallback_only,live_r2_figure1_fallback,Asymmetric Dearomatization of Naphthols with Vinyl Aziridines and Vinyl Epoxide via Iridium-Catalyzed Allylic Etherification/Claisen Rearrangement
10.31635/ccschem.026.202607682,ccs,CCS Chemistry,2026-10-01,fallback_only,live_r2_figure1_fallback,Palladium-Catalyzed Asymmetric Markovnikov Hydrocarbonylation of Vinyl Arenes
10.31635/ccschem.026.202608315,ccs,CCS Chemistry,2026-09-23,no_visual,,Enantiodivergent Total Syntheses of Minfiensine Enantiomers Enable Comparative Anticancer Profiling in Breast Cancer Cell Models
10.1016/j.chempr.2026.103282,elsevier,Chem,2026-10-01,no_visual,,Taming transient radical couplings by preassembling organophotocatalytic dyads
10.1038/s41586-026-11108-z,nature,Nature,2026-09-30,fallback_only,live_r2_figure1_fallback,Carbene transfer from thianthrenium ylides for cyclopropanation
10.1038/s41586-026-11169-0,nature,Nature,2026-09-23,no_visual,,Chiral oxazolidinones via biocatalytic aziridination of unactivated alkenes
10.1038/s41586-026-11091-5,nature,Nature,2026-09-03,no_visual,,Ketone homologation via palladium-catalysed decarboxylative rearrangement
10.1038/s41586-026-11043-z,nature,Nature,2026-08-20,fallback_only,live_r2_figure1_fallback,Dialkyl ether synthesis through heteroatom homolytic substitution
10.1038/s41586-026-10933-6,nature,Nature,2026-08-19,fallback_only,live_r2_figure1_fallback,Synthesis of pyrroles from isoxazoles by an O-to-C skeletal edit
10.1038/s41586-026-11006-4,nature,Nature,2026-08-17,fallback_only,live_r2_figure1_fallback,Positional isomerisation of pyridine via nitrogen transposition
10.1038/s41586-026-11009-1,nature,Nature,2026-08-17,fallback_only,live_r2_figure1_fallback,Programmable remodelling of carbon–nitrogen connectivity in amines
10.1038/s41586-026-10991-w,nature,Nature,2026-08-11,fallback_only,live_r2_figure1_fallback,Phosphine-mediated azine C–H couplings with water and ammonia
10.1038/s41586-026-10931-8,nature,Nature,2026-07-28,fallback_only,live_r2_figure1_fallback,Entangled dual-site migration through boracycle rearrangement
10.1038/s41586-026-10930-9,nature,Nature,2026-07-27,fallback_only,live_r2_figure1_fallback,Pyridoxal photoenzymes for asymmetric radical–radical cross-couplings
10.1038/s41586-026-10897-7,nature,Nature,2026-07-15,fallback_only,live_r2_figure1_fallback,Selectivity emerges from indiscriminate photoreduction
10.1038/s41929-026-01616-6,nature,Nature Catalysis,2026-09-29,fallback_only,live_r2_figure1_fallback,Ligand design broadens NiI-catalysed C(sp2)–heteroatom couplings of aryl bromides at low catalyst loadings
10.1038/s41929-026-01600-0,nature,Nature Catalysis,2026-09-15,fallback_only,live_r2_figure1_fallback,Anti-Markovnikov alkene hydroalkylation via iron photocatalysis
10.1038/s41929-026-01602-y,nature,Nature Catalysis,2026-09-02,fallback_only,live_r2_figure1_fallback,Harnessing through-space orbital interactions for multicentred organosulfur catalysis
10.1038/s41929-026-01593-w,nature,Nature Catalysis,2026-08-14,fallback_only,live_r2_figure1_fallback,Bimodal multiphoton catalysis via structural regeneration
10.1038/s41929-026-01589-6,nature,Nature Catalysis,2026-08-12,fallback_only,live_r2_figure1_fallback,Catalytic asymmetric intermolecular carbonyl–ene-type reactions of unactivated aldehydes and alkenes
10.1038/s41929-026-01557-0,nature,Nature Catalysis,2026-08-05,fallback_only,live_r2_figure1_fallback,Multifunctional chiral bis(amidine) organocatalysts enable stereoselective synthesis of phosphorothioate oligonucleotides
10.1038/s41929-026-01587-8,nature,Nature Catalysis,2026-07-31,fallback_only,live_r2_figure1_fallback,Protein-confined imidazolium intermediates for C–C/C–N bond formation.
10.1038/s41929-026-01576-x,nature,Nature Catalysis,2026-07-17,fallback_only,live_r2_figure1_fallback,A tailored CoA ligase–N-acyltransferase cascade for on-DNA amide bond formation gives access to broad substrate scope
10.1038/s41929-026-01579-8,nature,Nature Catalysis,2026-07-13,fallback_only,live_r2_figure1_fallback,Unlocking ketene–Heck coupling via activation energy modulation in Pd catalysis
10.1038/s41929-026-01573-0,nature,Nature Catalysis,2026-07-10,fallback_only,live_r2_figure1_fallback,Ligand-mediated radical orientation enables asymmetric cyanation of unstabilized alkyl C-radicals
10.1038/s41929-026-01578-9,nature,Nature Catalysis,2026-07-10,fallback_only,live_r2_figure1_fallback,Direct copper-catalysed deaminative cyanation of aliphatic primary amines
10.1038/s41929-026-01566-z,nature,Nature Catalysis,2026-07-09,fallback_only,live_r2_figure1_fallback,Triple energy transfer-enabled dearomative cycloaddition/rearrangement cascade of bicyclic azaarenes to structurally complex products
10.1038/s41929-026-01560-5,nature,Nature Catalysis,2026-07-01,fallback_only,live_r2_figure1_fallback,Rapid screening platform for peptide prenyltransferases to diversify pseudo-natural prenylated peptides
10.1038/s41557-026-02247-x,nature,Nature Chemistry,2026-09-23,fallback_only,live_r2_figure1_fallback,Divergent ring opening and functionalization of N-alkyl aziridines via boryl radical fragmentation
10.1038/s41557-026-02258-8,nature,Nature Chemistry,2026-09-22,fallback_only,live_r2_figure1_fallback,De novo synthesis of threofuranoses via a triple-carbonylation cascade of aldehydes
10.1038/s41557-026-02242-2,nature,Nature Chemistry,2026-09-01,fallback_only,live_r2_figure1_fallback,Programmable alkene skeleton construction
10.1038/s41557-026-02238-y,nature,Nature Chemistry,2026-08-27,fallback_only,live_r2_figure1_fallback,"Regiodivergent light-driven cyclization of acyclic 1,5-dienes"
10.1038/s41557-026-02224-4,nature,Nature Chemistry,2026-08-18,fallback_only,live_r2_figure1_fallback,Nitrene generation and transfer for unnatural biosynthesis in living cells
10.1038/s41557-026-02231-5,nature,Nature Chemistry,2026-08-18,fallback_only,live_r2_figure1_fallback,Regiospecific α-arylation using an organobismuth transporter
10.1038/s41557-026-02233-3,nature,Nature Chemistry,2026-08-18,fallback_only,live_r2_figure1_fallback,Endergonic triplet photosensitization for BCB–alkene cycloadditions
10.1038/s41557-026-02212-8,nature,Nature Chemistry,2026-07-22,fallback_only,live_r2_figure1_fallback,Alkyl–sulfur compound synthesis via N₂ extrusion of alkyl hydrazines
10.1038/s41557-026-02214-6,nature,Nature Chemistry,2026-07-22,fallback_only,live_r2_figure1_fallback,A versatile strategy for oligonucleotide functionalization via on-support phosphitylation
10.1038/s41557-026-02204-8,nature,Nature Chemistry,2026-07-14,fallback_only,live_r2_figure1_fallback,Programmable arene ring opening of phenols
10.1038/s41557-026-02206-6,nature,Nature Chemistry,2026-07-13,fallback_only,live_r2_figure1_fallback,"Electrophilic amination-induced 1,2-boronate migration"
10.1038/s41557-026-02213-7,nature,Nature Chemistry,2026-07-13,fallback_only,live_r2_figure1_fallback,Oxetane-to-azetidine skeletal editing
10.1038/s41557-026-02195-6,nature,Nature Chemistry,2026-07-08,fallback_only,live_r2_figure1_fallback,Genetically targeted photocatalytic organic dyes for spatiotemporally controlled organic synthesis in specific living cells
10.1038/s41467-026-77740-5,nature,Nature Communications,2026-10-03,fallback_only,live_r2_figure1_fallback,A proximity-driven and regioselective peptide bicyclization (PReP-Bicyc) approach for phage display libraries
10.1038/s41467-026-78226-0,nature,Nature Communications,2026-10-03,fallback_only,live_r2_figure1_fallback,Enantioselective palladium-catalyzed carbonylation of gem-dibromoalkenes to chiral benzo[7]annulenes
10.1038/s41467-026-77771-y,nature,Nature Communications,2026-09-28,fallback_only,live_r2_figure1_fallback,Synthesis of 4- and 5-membered fluorine-stabilised semi-saturated heterocycles via alkylidene carbenes
10.1038/s41467-026-78066-y,nature,Nature Communications,2026-09-25,fallback_only,live_r2_figure1_fallback,Multivariate approach of metal-chiral covalent organic frameworks for leaching-resistant asymmetric transfer hydrogenation
10.1038/s41467-026-77983-2,nature,Nature Communications,2026-09-24,fallback_only,live_r2_figure1_fallback,Unnatural α-amino acid synthesis enabled by nickel-catalysed enantioselective hydrocarbamoylation of enamides via C‒H functionalisation
10.1038/s41467-026-77981-4,nature,Nature Communications,2026-09-21,fallback_only,live_r2_figure1_fallback,"Tandem cyclohexen-3-yne and 1,2,3-cyclohexatriene reactions"
10.1038/s41467-026-76235-7,nature,Nature Communications,2026-09-16,fallback_only,live_r2_figure1_fallback,Practical synthesis of 3-Oxa/Aza-bicyclo[3.1.1]heptanes from 3-Oxa/Aza[3.1.1]propellanes
10.1038/s41467-026-77715-6,nature,Nature Communications,2026-09-15,fallback_only,live_r2_figure1_fallback,Iterative and data-driven ortholog mining enables reliable discovery of stereoselective ketoreductases
10.1038/s41467-026-77774-9,nature,Nature Communications,2026-09-15,fallback_only,live_r2_figure1_fallback,Visible light-induced oxygen atom transfer into C−Cl bond of acyl chlorides for homolytic cleavage
10.1038/s41467-026-77739-y,nature,Nature Communications,2026-09-14,fallback_only,live_r2_figure1_fallback,Difunctionalization of unsaturated hydrocarbons via EDA complexes to access pentafluorosulfanyl thioethers
10.1038/s41467-026-77436-w,nature,Nature Communications,2026-09-12,fallback_only,live_r2_figure1_fallback,Catalytic Asymmetric Spiroannulation to Access Polycyclic Spiro Enones via Transient Axial-to-Point Chirality Induction and Transfer
10.1038/s41467-026-77633-7,nature,Nature Communications,2026-09-12,fallback_only,live_r2_figure1_fallback,Reprogramming the Rossmann fold signature motif creates orthogonal redox biocatalysts
10.1038/s41467-026-77184-x,nature,Nature Communications,2026-09-04,fallback_only,live_r2_figure1_fallback,Stereoselective synthesis of E-shaped double helicene analogues via organocatalytic intermolecular cycloaddition
10.1038/s41467-026-77437-9,nature,Nature Communications,2026-09-04,fallback_only,live_r2_figure1_fallback,
10.1038/s41467-026-77468-2,nature,Nature Communications,2026-09-04,fallback_only,live_r2_figure1_fallback,Visible light-mediated Alder-ene reaction of bicyclobutanes with cyclohexynes to access skipped dienes and skeletal remodeling to tetralines
10.1038/s41467-026-77482-4,nature,Nature Communications,2026-09-04,fallback_only,live_r2_figure1_fallback,Cobalt-catalyzed Markovnikov-selective hydrophosphonylation of unactivated alkenes enabled by phthalimidyl phosphite reagents
10.1038/s41467-026-77336-z,nature,Nature Communications,2026-09-03,fallback_only,live_r2_figure1_fallback,
10.1038/s41467-026-77403-5,nature,Nature Communications,2026-09-03,fallback_only,live_r2_figure1_fallback,Excitation of acyclic trisubstituted alkenes via triplet energy transfer for diastereo- and enantioselective [2+2] photocycloaddition
10.1038/s41467-026-77228-2,nature,Nature Communications,2026-08-27,fallback_only,live_r2_figure1_fallback,Catalyst-controlled regiodivergence in enantioselective synthesis of spirocyclic γ- versus δ-lactams
10.1038/s41467-026-74378-1,nature,Nature Communications,2026-08-26,fallback_only,live_r2_figure1_fallback,Copper-catalyzed enantioselective allylation of cyclic anhydrides for generation of multiple chiral centers
10.1038/s41467-026-76455-x,nature,Nature Communications,2026-08-25,fallback_only,live_r2_figure1_fallback,
10.1038/s41467-026-77092-0,nature,Nature Communications,2026-08-25,fallback_only,live_r2_figure1_fallback,
10.1038/s41467-026-77185-w,nature,Nature Communications,2026-08-25,fallback_only,live_r2_figure1_fallback,
10.1038/s41467-026-76869-7,nature,Nature Communications,2026-08-22,fallback_only,live_r2_figure1_fallback,Data-driven construction of an imine reductase library capable of broad-scope reductive amination at equimolar substrate concentrations
10.1038/s41467-026-76924-3,nature,Nature Communications,2026-08-21,fallback_only,live_r2_figure1_fallback,
10.1038/s41467-026-76749-0,nature,Nature Communications,2026-08-20,fallback_only,live_r2_figure1_fallback,
10.1038/s41467-026-76282-0,nature,Nature Communications,2026-08-19,fallback_only,live_r2_figure1_fallback,
10.1038/s41467-026-76655-5,nature,Nature Communications,2026-08-17,fallback_only,live_r2_figure1_fallback,
10.1038/s41467-026-76222-y,nature,Nature Communications,2026-08-03,fallback_only,live_r2_figure1_fallback,Divergent concerted and stepwise cycloadditions via enantioselective cross-conjugated iminium-ion catalysis
10.1038/s41467-026-76150-x,nature,Nature Communications,2026-07-31,fallback_only,live_r2_figure1_fallback,
10.1038/s41467-026-76290-0,nature,Nature Communications,2026-07-31,fallback_only,live_r2_figure1_fallback,
10.1038/s41467-026-76238-4,nature,Nature Communications,2026-07-30,fallback_only,live_r2_figure1_fallback,
10.1038/s41467-026-75878-w,nature,Nature Communications,2026-07-29,fallback_only,live_r2_figure1_fallback,
10.1038/s41467-026-76124-z,nature,Nature Communications,2026-07-29,fallback_only,live_r2_figure1_fallback,
10.1038/s41467-026-75280-6,nature,Nature Communications,2026-07-28,fallback_only,live_r2_figure1_fallback,
10.1038/s41467-026-76125-y,nature,Nature Communications,2026-07-27,fallback_only,live_r2_figure1_fallback,Enantioselective synthesis of ring-constrained biaryls via a twist-expand-seal strategy
10.1038/s41467-026-75906-9,nature,Nature Communications,2026-07-25,fallback_only,live_r2_figure1_fallback,
10.1038/s41467-026-75992-9,nature,Nature Communications,2026-07-25,fallback_only,live_r2_figure1_fallback,Substituent-rebound skeletal editing for precise boron-to-carbon single-atom swapping
10.1038/s41467-026-75854-4,nature,Nature Communications,2026-07-24,fallback_only,live_r2_figure1_fallback,Nickel catalysis enables chemoselectivity in radiation chemistry
10.1038/s41467-026-76036-y,nature,Nature Communications,2026-07-24,fallback_only,live_r2_figure1_fallback,
10.1038/s41467-026-75858-0,nature,Nature Communications,2026-07-22,fallback_only,live_r2_figure1_fallback,
10.1038/s41467-026-75774-3,nature,Nature Communications,2026-07-21,fallback_only,live_r2_figure1_fallback,
10.1038/s41467-026-75768-1,nature,Nature Communications,2026-07-20,fallback_only,live_r2_figure1_fallback,
10.1038/s41467-026-75769-0,nature,Nature Communications,2026-07-20,fallback_only,live_r2_figure1_fallback,
10.1038/s41467-026-75633-1,nature,Nature Communications,2026-07-17,fallback_only,live_r2_figure1_fallback,
10.1038/s41467-026-75467-x,nature,Nature Communications,2026-07-16,fallback_only,live_r2_figure1_fallback,
10.1038/s41467-026-75644-y,nature,Nature Communications,2026-07-16,fallback_only,live_r2_figure1_fallback,Amine/ammonium buffering enables efficient anti-Markovnikov hydroamination of olefins with alkylamines
10.1038/s41467-026-75432-8,nature,Nature Communications,2026-07-15,fallback_only,live_r2_figure1_fallback,
10.1038/s41467-026-74319-y,nature,Nature Communications,2026-07-14,fallback_only,live_r2_figure1_fallback,"Catalyst-controlled site-selective dehydrogenation, a stepping stone for C–H oxidations in complex terpenes synthesis"
10.1038/s41467-026-75499-3,nature,Nature Communications,2026-07-11,fallback_only,live_r2_figure1_fallback,
10.1038/s41467-026-75338-5,nature,Nature Communications,2026-07-08,fallback_only,live_r2_figure1_fallback,
10.1038/s41467-026-75059-9,nature,Nature Communications,2026-07-02,fallback_only,live_r2_figure1_fallback,Intracellular assembly of artificial enzymes for cytoplasmic enantioselective Mannich reactions
10.1038/s44160-026-01162-w,nature,Nature Synthesis,2026-10-02,fallback_only,live_r2_figure1_fallback,Photoelectrochemical C(sp3)–C(sp3) cross-coupling using native functional groups
10.1038/s44160-026-01168-4,nature,Nature Synthesis,2026-10-01,fallback_only,live_r2_figure1_fallback,Propionic acid synthesis via room-temperature coupling of ethane and CO
10.1038/s44160-026-01161-x,nature,Nature Synthesis,2026-09-24,fallback_only,live_r2_figure1_fallback,"Electrosynthesis of arylglycines from carbon dioxide, nitrite and aldehydes"
10.1038/s44160-026-01155-9,nature,Nature Synthesis,2026-09-22,fallback_only,live_r2_figure1_fallback,Enantio- and diastereoselective synthesis of multi-helical nanographenes
10.1038/s44160-026-01147-9,nature,Nature Synthesis,2026-09-10,fallback_only,live_r2_figure1_fallback,Enantioselective synthesis of chiral 2-azaspiro[3.3]heptanes and their application as piperidine bioisosteres
10.1038/s44160-026-01149-7,nature,Nature Synthesis,2026-09-02,fallback_only,live_r2_figure1_fallback,Modular assembly of bioisosteric bridged aza-frameworks via ring strain release
10.1038/s44160-026-01144-y,nature,Nature Synthesis,2026-08-21,fallback_only,live_r2_figure1_fallback,Access to all stereoisomers of chiral alcohols with multiple stereocentres enabled by machine learning-empowered protein engineering
10.1038/s44160-026-01143-z,nature,Nature Synthesis,2026-08-20,fallback_only,live_r2_figure1_fallback,Traceless sortase ligation for chemical protein synthesis
10.1038/s44160-026-01140-2,nature,Nature Synthesis,2026-08-11,fallback_only,live_r2_figure1_fallback,Orthogonal hydrogenation of alkenes enabled by multifunctional phosphine
10.1038/s44160-026-01127-z,nature,Nature Synthesis,2026-07-30,fallback_only,live_r2_figure1_fallback,Aziridination of inert alkanes via photo-mediated double hydrogen atom transfer
10.1038/s44160-026-01121-5,nature,Nature Synthesis,2026-07-24,fallback_only,live_r2_figure1_fallback,Ferricyanide-mediated direct ligation of peptide hydrazides in neutral water
10.1038/s44160-026-01128-y,nature,Nature Synthesis,2026-07-24,fallback_only,live_r2_figure1_fallback,Electrochemical C(sp3)–C(sp3) cross-coupling of alcohols
10.1038/s44160-026-01118-0,nature,Nature Synthesis,2026-07-17,fallback_only,live_r2_figure1_fallback,Enantioselective single-atom skeletal editing of bicyclo[1.1.0]butanes by carbene insertion
10.1038/s44160-026-01107-3,nature,Nature Synthesis,2026-07-14,fallback_only,live_r2_figure1_fallback,Enantioconvergent alkylation of boron-stabilized organomagnesiums with unactivated alkyl halides using nickel catalysis
10.1038/s44160-026-01106-4,nature,Nature Synthesis,2026-07-10,fallback_only,live_r2_figure1_fallback,
10.1038/s44160-026-01116-2,nature,Nature Synthesis,2026-07-09,fallback_only,live_r2_figure1_fallback,
10.1038/s44160-026-01096-3,nature,Nature Synthesis,2026-07-02,fallback_only,live_r2_figure1_fallback,Hyperspace exploration using robotics for discovery of mechanistically distinct transformations...
10.1126/science.aef5175,science,Science,2026-10-01,fallback_only,live_r2_figure1_fallback,Dynamic multimodal cation-carbon interaction for efficient adiponitrile electrosynthesis
10.1126/science.aeg5583,science,Science,2026-10-01,fallback_only,live_r2_figure1_fallback,Precise length and charge segmentation of billion-dalton supramolecular polymers
10.1126/science.aef3511,science,Science,2026-09-24,fallback_only,live_r2_figure1_fallback,Embracing triplet nitrenes for C-to-N replacement of complex bicyclic (hetero)aryl azides
10.1126/science.aeh7895,science,Science,2026-09-24,fallback_only,live_r2_figure1_fallback,Stereodivergent telomerization of linear functionalized dienes with amines
10.1126/science.aej0194,science,Science,2026-08-27,fallback_only,live_r2_figure1_fallback,Iron-catalyzed [1+1+1] cyclopropanation by sequential coupling of an ester to two carbenes
10.1126/science.aef0766,science,Science,2026-08-06,fallback_only,live_r2_figure1_fallback,Vicinal disubstitution of alkyl C–X synthons via alkene radical cation generation
10.1126/science.aec6298,science,Science,2026-07-30,fallback_only,live_r2_figure1_fallback,Catalytic Appel fluorination of alcohols with potassium fluoride
10.1126/sciadv.aej5227,science,Science Advances,2026-10-02,fallback_only,live_r2_figure1_fallback,Silver(I)-mediated amide-to-ester transformation on unprotected peptides for protein chemical synthesis and engineering
10.1126/sciadv.aeg4594,science,Science Advances,2026-09-25,fallback_only,live_r2_figure1_fallback,"Deoxygenative functionalization of alcohols, ethers, and carbonyl compounds by chromium catalysis"
